CODIGO_MODULAR,NOMBRE_INSTITUCION,NUMERO_FYA,LATITUD,LONGITUD,ALTITUD_MSNM,Y1_ILA,Y2_TD,Y3_PR,X1_NVC,X2_TR,X4_IDD,X5_ED,X6_CDD,X10_IE,X11_RED,X12_TOE,X15_MEIB,X13_TMATRC,X14_NIVEL_EDUCATIVO,X16_MODALIDAD,X17_GESTION,X18_TURNO,X19_ORGANIZACION_PEDAGOGICA,X20_DIRECTIVOS_TOTAL,X21_MULTIPLICIDAD1,X22_MULTIPLICIDAD2,X24_GPMD,X25_POBLACION_DISTRITO,CLUSTER_KMEANS,TIPOLOGIA_KMEANS,SILHOUETTE_SCORE,DISTANCIA_CENTROIDE,Y1_ILA_PREDICHO,RESIDUOS,PRO_SCORE,CATEGORIA_RESILIENCIA,CATEGORIA_RIESGO,REGION_DASHBOARD,CATEGORIA_ALTITUD,CATEGORIA_TAMAÑO
1315084,86548 JOSE MARIA VELAZ,54,-9.2117,-77.9645,2956.0,1.1856356685416516,2.0,2.0,4.0,2,3.330695688311148,0.5333333333333333,2.1578947368421053,0.8,11.153846153846152,4,1,1.0,5.0,2.0,1.0,1.0,0.0,1.0,1.0,1.0,8.0,8577.0,3,Rurales Resilientes,0.22408923632028538,2.012543827278421,1.3479346237994838,-0.16229895525783222,-0.942036641421839,Desempeño Esperado,Riesgo Moderado,Costa Centro,Quechua (2000-3500m),Mediana (11-20 est/doc)
414987,86548 JOSE MARIA VELAZ,54,-9.2117,-77.9645,2956.0,1.3411,2.0,2.0,4.0,2,3.330695688311148,0.8,2.1578947368421053,0.3,12.2,3,1,-5.5,4.0,2.0,1.0,1.0,2.0,0.0,2.0,2.0,8.0,8577.0,3,Rurales Resilientes,0.22408923632028538,1.3181021890616047,1.3770059507045878,-0.0359059507045878,-0.2084099750061452,Desempeño Esperado,Riesgo Moderado,Costa Centro,Quechua (2000-3500m),Mediana (11-20 est/doc)
1376268,86548 JOSE MARIA VELAZ,54,-9.2117,-77.9645,2956.0,1.3411,2.0,2.0,4.0,2,2.25,0.5,2.1578947368421053,0.3,21.5,3,1,0.0,2.0,2.0,1.0,1.0,0.0,0.0,3.0,3.0,8.0,8577.0,7,Cluster 7,0.22408923632028538,2.3165514670900107,1.4232036517456,-0.08210365174559997,-0.4765566618467866,Desempeño Esperado,Riesgo Moderado,Costa Centro,Quechua (2000-3500m),Grande (21-30 est/doc)
415059,86731,54,-9.190619,-77.99803,2900.0,1.3411,2.0,2.0,4.0,2,3.3274719657452723,1.0,2.1578947368421053,0.3,7.0,1,1,0.3333333333333333,4.0,2.0,1.0,1.0,1.0,1.0,1.0,1.0,8.0,8577.0,4,Emergentes Complejas,0.22408923632028538,2.098576140665312,1.4004647021727679,-0.0593647021727679,-0.3445723021753308,Desempeño Esperado,Riesgo Moderado,Costa Centro,Quechua (2000-3500m),Pequeña (≤10 est/doc)
1633189,86769 ABRAHAM VALDELOMAR,54,-9.191896,-77.98308,3443.0,1.1333333333333333,2.0,2.0,4.0,2,3.327381068673751,0.5,2.1578947368421053,0.8,5.125,4,1,-2.8,5.0,2.0,1.0,1.0,0.0,1.0,1.0,1.0,8.0,8577.0,3,Rurales Resilientes,0.22408923632028538,2.31182337165172,1.332194755516324,-0.19886142218299074,-1.1542572530059123,Vulnerables,Alto Riesgo,Costa Centro,Quechua (2000-3500m),Pequeña (≤10 est/doc)
415117,86769 ABRAHAM VALDELOMAR,54,-9.191896,-77.98308,3443.0,1.3411,2.0,2.0,4.0,2,3.327381068673751,0.3333333333333333,2.1578947368421053,0.3,12.0,3,1,-2.3333333333333335,4.0,2.0,1.0,1.0,2.0,0.0,2.0,2.0,8.0,8577.0,3,Rurales Resilientes,0.22408923632028538,0.9919799199965742,1.314025176200634,0.027074823799365877,0.15715120309014696,Desempeño Esperado,Riesgo Moderado,Costa Centro,Quechua (2000-3500m),Mediana (11-20 est/doc)
1608132,86769 ABRAHAM VALDELOMAR,54,-9.191896,-77.98308,3443.0,1.3411,2.0,2.0,4.0,2,3.327381068673751,0.0,2.1578947368421053,0.3,7.5,3,1,0.3333333333333333,2.0,2.0,1.0,1.0,0.0,0.0,3.0,3.0,8.0,8577.0,3,Rurales Resilientes,0.22408923632028538,1.9652757179668798,1.277686017569254,0.06341398243074603,0.3680756597190734,Desempeño Esperado,Riesgo Moderado,Costa Centro,Quechua (2000-3500m),Pequeña (≤10 est/doc)
415141,86783,54,-9.191011,-78.0417,1597.0,1.3411,2.0,2.0,4.0,2,3.3285130918499624,0.0,2.1578947368421053,0.3,15.25,3,1,-2.0,4.0,2.0,1.0,1.0,2.0,0.0,1.0,1.0,8.0,8577.0,3,Rurales Resilientes,0.22408923632028538,1.497757143375668,1.3244089698538586,0.016691030146141372,0.09688024150101535,Desempeño Esperado,Riesgo Moderado,Costa Centro,Yunga (500-2000m),Mediana (11-20 est/doc)
1376300,86783,54,-9.191011,-78.0417,1597.0,1.3411,2.0,2.0,4.0,2,3.3285130918499624,0.6,2.1578947368421053,0.3,11.555555555555555,4,1,6.6,5.0,2.0,1.0,1.0,0.0,1.0,2.0,2.0,8.0,8577.0,1,Tradicionales Estables,0.22408923632028538,1.7424379685606375,1.3898194553903425,-0.0487194553903425,-0.2827837804310499,Desempeño Esperado,Riesgo Moderado,Costa Centro,Yunga (500-2000m),Mediana (11-20 est/doc)
520221,86809,54,-9.23742,-77.9687,3625.0,1.4172913543228385,0.0,2.0,4.0,2,3.335628044926194,1.0,2.1578947368421053,0.3,8.0,3,1,-2.0,4.0,2.0,1.0,1.0,2.0,1.0,1.0,1.0,8.0,8577.0,3,Rurales Resilientes,0.22408923632028538,2.345492610659256,1.381486734525718,0.03580461979712046,0.20782181701343444,Desempeño Esperado,Riesgo Moderado,Costa Centro,Suni (3500-4000m),Pequeña (≤10 est/doc)
818682,87009-01,54,-9.199093,-78.02747,1820.0,1.3411,2.0,2.0,4.0,2,3.3297185315556863,0.6666666666666666,2.1578947368421053,0.3,18.25,3,1,2.2,4.0,2.0,1.0,1.0,2.0,0.0,1.0,1.0,8.0,8577.0,7,Cluster 7,0.22408923632028538,2.0382370207102487,1.3913450785119403,-0.05024507851194038,-0.2916389999810612,Desempeño Esperado,Riesgo Moderado,Costa Centro,Yunga (500-2000m),Mediana (11-20 est/doc)
1551944,87009-01,54,-9.199093,-78.02747,1820.0,1.3411,2.0,2.0,4.0,2,3.3297185315556863,0.0,2.1578947368421053,0.3,14.0,3,1,2.0,2.0,2.0,1.0,1.0,0.0,0.0,2.0,2.0,8.0,8577.0,7,Cluster 7,0.22408923632028538,1.993236735616327,1.3186667612491803,0.022433238750819706,0.1302099132767904,Desempeño Esperado,Riesgo Moderado,Costa Centro,Yunga (500-2000m),Mediana (11-20 est/doc)
1376318,88247 SAN ENRIQUE,54,-9.201528,-77.99841,2345.0,1.4193548387096773,3.0,2.0,4.0,2,3.75,0.0,2.1578947368421053,0.3,14.0,1,1,-1.6666666666666667,2.0,2.0,1.0,1.0,0.0,0.0,1.0,1.0,8.0,8577.0,4,Emergentes Complejas,0.22408923632028538,2.393907987641869,1.274670033040897,0.14468480566878017,0.8397983103493264,Desempeño Esperado,Riesgo Moderado,Costa Centro,Quechua (2000-3500m),Mediana (11-20 est/doc)
541201,88247 SAN ENRIQUE,54,-9.201528,-77.99841,2345.0,1.3411,2.0,2.0,4.0,2,3.329532954620065,1.0,2.1578947368421053,0.3,14.5,3,1,-1.8,4.0,2.0,1.0,1.0,2.0,1.0,2.0,2.0,8.0,8577.0,3,Rurales Resilientes,0.22408923632028538,1.2168333490532453,1.414386333788407,-0.0732863337884071,-0.4253780416175502,Desempeño Esperado,Riesgo Moderado,Costa Centro,Quechua (2000-3500m),Mediana (11-20 est/doc)
686386,88327,54,-9.205055,-77.97856,2777.0,1.2242071793155385,2.0,2.0,4.0,2,3.3297568599893514,1.0,2.1578947368421053,0.8,13.5,3,1,0.0,4.0,2.0,1.0,1.0,2.0,1.0,1.0,1.0,8.0,8577.0,3,Rurales Resilientes,0.22408923632028538,1.3723876058699915,1.403416562357318,-0.17920938304177958,-1.0401903391415137,Vulnerables,Alto Riesgo,Costa Centro,Quechua (2000-3500m),Mediana (11-20 est/doc)
1306182,852,47,-4.203145,-73.47933,98.0,1.418,2.0,2.0,4.0,2,2.794728980334133,0.2499999999999999,1.7668711656441718,0.3,5.0,1,0,-0.5,2.0,2.0,1.0,1.0,0.0,0.0,1.0,1.0,14.0,152555.0,4,Emergentes Complejas,0.22408923632028538,1.2246301629715317,1.4286429508524974,-0.010642950852497446,-0.06177519541008201,Desempeño Esperado,Riesgo Moderado,Selva,Costa (0-500m),Pequeña (≤10 est/doc)
409797,50504,44,-13.64324,-71.54927,3813.0,1.4558823529411766,3.0,2.0,3.0,2,4.0,0.3333333333333333,2.098159509202454,0.3,14.666666666666666,4,1,-7.666666666666667,4.0,2.0,2.0,1.0,3.0,1.0,1.0,1.0,12.0,12152.0,3,Rurales Resilientes,0.22408923632028538,2.89187592945351,1.4030151891747695,0.0528671637664071,0.30685844722096944,Desempeño Esperado,Riesgo Moderado,Sierra Sur,Suni (3500-4000m),Mediana (11-20 est/doc)
410118,50536,44,-13.6226,-71.6391,3836.0,1.25,3.0,2.0,3.0,2,4.0,0.3333333333333333,2.098159509202454,0.8,13.0,3,1,-3.0,4.0,2.0,2.0,1.0,2.0,1.0,1.0,1.0,12.0,12152.0,3,Rurales Resilientes,0.22408923632028538,2.4115034854595137,1.4024320207769432,-0.15243202077694318,-0.8847657008619337,Desempeño Esperado,Riesgo Moderado,Sierra Sur,Suni (3500-4000m),Mediana (11-20 est/doc)
410316,50558,44,-13.51888,-71.44861,3532.0,1.8414955239599788,3.0,3.0,5.0,2,3.76341229028312,0.5,2.098159509202454,0.8,10.0,3,1,-8.0,4.0,2.0,2.0,1.0,2.0,1.0,1.0,1.0,7.0,3156.0,6,Especializadas,0.22408923632028538,2.57532653269185,1.4455831295852373,0.39591239437474157,2.2980060574115146,Resilientes,Bajo Riesgo,Sierra Sur,Suni (3500-4000m),Pequeña (≤10 est/doc)
1062058,501344,44,-13.5649,-71.396,3851.0,1.4523809523809523,3.0,2.0,5.0,2,3.770905726991826,0.5,2.098159509202454,0.3,7.5,2,1,-1.8,4.0,2.0,2.0,1.0,2.0,0.0,1.0,1.0,7.0,3156.0,6,Especializadas,0.22408923632028538,1.1107141346457416,1.4369477322728605,0.015433220108091783,0.08957949737787212,Desempeño Esperado,Riesgo Moderado,Sierra Sur,Suni (3500-4000m),Pequeña (≤10 est/doc)
409706,50495,44,-13.5485,-71.45596,3301.0,1.7061925199264256,2.0,3.0,5.0,2,3.769148225429394,0.6666666666666666,2.098159509202454,0.3,15.666666666666666,3,1,-2.0,4.0,2.0,2.0,1.0,2.0,1.0,1.0,1.0,5.0,15084.0,6,Especializadas,0.22408923632028538,1.8467815538689976,1.4691909602280675,0.23700155969835812,1.3756351848063024,Resilientes,Bajo Riesgo,Sierra Sur,Quechua (2000-3500m),Mediana (11-20 est/doc)
410100,50535,44,-13.59216,-71.65474,3905.0,1.2214285714285715,3.0,2.0,5.0,2,3.7817663636696737,0.42857142857142855,2.098159509202454,0.3,13.428571428571429,3,1,-4.0,4.0,2.0,2.0,1.0,3.0,1.0,1.0,1.0,5.0,15084.0,6,Especializadas,0.22408923632028538,1.186863871338405,1.4269986430644452,-0.2055700716358737,-1.193196466071274,Vulnerables,Alto Riesgo,Sierra Sur,Suni (3500-4000m),Mediana (11-20 est/doc)
204933,50715,44,-13.59988,-71.45402,3609.0,1.5,2.0,2.0,5.0,2,3.7787725996557455,1.0,2.098159509202454,0.3,8.0,1,1,-2.0,4.0,2.0,2.0,1.0,1.0,1.0,1.0,1.0,5.0,15084.0,6,Especializadas,0.22408923632028538,1.9372335059372785,1.4970180457588316,0.0029819542411684274,0.01730824547675559,Desempeño Esperado,Riesgo Moderado,Sierra Sur,Suni (3500-4000m),Pequeña (≤10 est/doc)
519793,50912,44,-13.6172,-71.57626,3933.0,1.2431818181818182,3.0,2.0,5.0,2,3.784739263542076,0.6666666666666666,2.098159509202454,0.8,8.666666666666666,3,1,-0.8,4.0,2.0,2.0,1.0,2.0,1.0,1.0,1.0,5.0,15084.0,6,Especializadas,0.22408923632028538,1.223830985919487,1.4520281856696844,-0.20884636748786622,-1.2122131672928695,Vulnerables,Alto Riesgo,Sierra Sur,Suni (3500-4000m),Pequeña (≤10 est/doc)
592428,50976,44,-13.5793,-71.63905,4063.0,1.2549668874172184,3.0,2.0,5.0,2,3.778999142194925,1.0,2.098159509202454,0.3,14.666666666666666,3,1,-1.6666666666666667,4.0,2.0,2.0,1.0,2.0,0.0,1.0,1.0,5.0,15084.0,6,Especializadas,0.22408923632028538,1.061066357063541,1.4854902685345754,-0.23052338111735704,-1.3380337006606928,Vulnerables,Alto Riesgo,Sierra Sur,Puna (>4000m),Mediana (11-20 est/doc)
205716,50796,44,-13.62978,-71.15881,4403.0,1.1746794871794872,3.0,2.0,5.0,2,3.777858964724434,0.5,2.098159509202454,0.3,15.5,2,1,-0.8,4.0,2.0,2.0,1.0,2.0,1.0,1.0,1.0,6.0,4947.0,6,Especializadas,0.22408923632028538,1.6350474788559433,1.4224440261418867,-0.24776453896239947,-1.4381070646867604,Vulnerables,Alto Riesgo,Sierra Sur,Puna (>4000m),Mediana (11-20 est/doc)
409672,50492 CORAZON DE JESUS,44,-13.6293,-71.3851,3545.0,1.661229919678715,3.0,3.0,5.0,1,1.5376002704883094,0.38095238095238093,2.098159509202454,0.8,19.33333333333333,4,2,-3.5,4.0,2.0,2.0,1.0,3.0,0.0,1.0,1.0,6.0,18587.0,5,En Desarrollo,0.22408923632028538,2.814147501731116,1.5947845610711617,0.0664453586075533,0.3856707664032113,Desempeño Esperado,Riesgo Moderado,Sierra Sur,Suni (3500-4000m),Mediana (11-20 est/doc)
410225,50547,44,-13.7299,-71.3744,4058.0,1.4246132446098612,2.0,2.0,5.0,2,3.801472645671235,0.3333333333333333,2.098159509202454,0.3,13.666666666666666,3,1,-6.5,4.0,2.0,2.0,1.0,2.0,1.0,1.0,1.0,6.0,18587.0,6,Especializadas,0.22408923632028538,1.3824978491033908,1.4112979084144823,0.013315336195378835,0.07728660094558185,Desempeño Esperado,Riesgo Moderado,Sierra Sur,Puna (>4000m),Mediana (11-20 est/doc)
410233,50550,44,-13.6302,-71.27,3950.0,1.5,3.0,2.0,5.0,2,3.780401049694704,0.3333333333333333,2.098159509202454,0.8,9.333333333333334,3,1,0.5,4.0,2.0,2.0,1.0,2.0,1.0,1.0,1.0,6.0,18587.0,6,Especializadas,0.22408923632028538,0.9927767538055204,1.4155747279455864,0.08442527205441364,0.4900321114878295,Desempeño Esperado,Riesgo Moderado,Sierra Sur,Suni (3500-4000m),Pequeña (≤10 est/doc)
410258,50552 TUPAC AMARU II,44,-13.71458,-71.46204,3990.0,1.264831157076495,3.0,2.0,5.0,2,3.800531512591512,0.25,2.098159509202454,0.3,11.571428571428571,3,1,-4.666666666666667,4.0,2.0,2.0,1.0,3.0,1.0,1.0,1.0,6.0,18587.0,6,Especializadas,0.22408923632028538,1.056557289468306,1.4040059821055928,-0.13917482502909784,-0.8078165662409985,Desempeño Esperado,Riesgo Moderado,Sierra Sur,Suni (3500-4000m),Mediana (11-20 est/doc)
410266,50553,44,-13.67753,-71.2426,4150.0,1.483565107458913,2.0,2.0,5.0,2,3.788699415305931,1.0,2.098159509202454,0.3,6.0,1,1,-5.0,4.0,2.0,2.0,1.0,1.0,1.0,1.0,1.0,6.0,18587.0,6,Especializadas,0.22408923632028538,2.196126134463203,1.4825761416101453,0.00098896584876762,0.005740283818669936,Desempeño Esperado,Riesgo Moderado,Sierra Sur,Puna (>4000m),Pequeña (≤10 est/doc)
204974,50719 VIRGEN DEL CARMEN,44,-13.66704,-71.31985,3771.0,1.3866016260162601,3.0,2.0,5.0,2,3.788436908332684,0.5333333333333333,2.098159509202454,0.8,19.933333333333334,4,2,2.0,4.0,2.0,2.0,1.0,3.0,1.0,1.0,1.0,6.0,18587.0,6,Especializadas,0.22408923632028538,2.1400433364121176,1.441330086478912,-0.054728460462651896,-0.3176620268597616,Desempeño Esperado,Riesgo Moderado,Sierra Sur,Suni (3500-4000m),Mediana (11-20 est/doc)
205401,50765,44,-13.70297,-71.36623,3955.0,1.3929539295392954,3.0,2.0,5.0,2,3.796224680099076,1.0,2.098159509202454,0.3,9.0,2,1,-2.3333333333333335,4.0,2.0,2.0,1.0,2.0,1.0,1.0,1.0,6.0,18587.0,6,Especializadas,0.22408923632028538,0.9072386989066891,1.4869709664235498,-0.09401703688425433,-0.5457058766778611,Desempeño Esperado,Riesgo Moderado,Sierra Sur,Suni (3500-4000m),Pequeña (≤10 est/doc)
487140,50854,44,-13.68158,-71.39118,3924.0,1.5666666666666667,3.0,3.0,5.0,2,3.792752755396319,0.5,2.098159509202454,0.8,8.5,2,1,-5.5,4.0,2.0,2.0,1.0,2.0,0.0,1.0,1.0,6.0,18587.0,6,Especializadas,0.22408923632028538,1.4225720014659176,1.4335017276209778,0.13316493904568882,0.77293320671385,Desempeño Esperado,Riesgo Moderado,Sierra Sur,Suni (3500-4000m),Pequeña (≤10 est/doc)
592543,50977,44,-13.6729,-71.3415,3770.0,1.5282278313730673,2.0,3.0,5.0,2,3.7900190771393807,0.6666666666666666,2.098159509202454,0.3,17.0,3,1,-4.0,4.0,2.0,2.0,1.0,2.0,1.0,1.0,1.0,6.0,18587.0,6,Especializadas,0.22408923632028538,1.4484301026667665,1.45577558895583,0.07245224241723736,0.42053670032432877,Desempeño Esperado,Riesgo Moderado,Sierra Sur,Suni (3500-4000m),Mediana (11-20 est/doc)
428714,36153 SAYRI TUPAC,79,-12.8025,-74.5375,3405.0,1.5003,2.0,2.0,3.0,2,3.079975035319729,1.0,1.7714285714285714,0.3,12.5,3,1,-0.8095238095238095,4.0,2.0,1.0,1.0,2.0,1.0,1.0,1.0,14.0,9579.0,3,Rurales Resilientes,0.22408923632028538,1.2268415664772079,1.4057304129984176,0.09456958700158236,0.5489130597180554,Desempeño Esperado,Riesgo Moderado,Sierra Centro,Quechua (2000-3500m),Mediana (11-20 est/doc)
600692,NUESTRA SEÑORA DE LA CANDELARIA,79,-12.83916,-74.57049,3440.0,1.5003,2.0,2.0,3.0,1,1.5,0.4444444444444444,1.7714285714285714,0.3,7.571428571428571,4,2,-5.354761904761906,5.0,2.0,1.0,4.0,0.0,1.0,1.0,1.0,14.0,9579.0,5,En Desarrollo,0.22408923632028538,3.703625400415753,1.4596336718157656,0.040666328184234324,0.23604077525191083,Desempeño Esperado,Riesgo Moderado,Sierra Centro,Quechua (2000-3500m),Pequeña (≤10 est/doc)
421594,130,79,-12.9167,-74.4666,3360.0,1.5003,2.0,2.0,3.0,2,3.099891650044416,1.0,1.7714285714285714,0.3,11.0,3,2,1.8,2.0,2.0,1.0,1.0,0.0,1.0,1.0,1.0,12.0,1809.0,3,Rurales Resilientes,0.22408923632028538,2.1239258487109622,1.405417257695956,0.09488274230404392,0.5507307163314678,Desempeño Esperado,Riesgo Moderado,Sierra Centro,Quechua (2000-3500m),Mediana (11-20 est/doc)
633040,156,79,-12.8768,-74.487,3478.0,1.5003,2.0,2.0,3.0,2,3.092836205401964,0.5,1.7714285714285714,0.3,9.0,3,2,0.4,2.0,2.0,1.0,1.0,0.0,0.0,1.0,1.0,12.0,1809.0,3,Rurales Resilientes,0.22408923632028538,2.038643885110561,1.3484317391540162,0.15186826084598382,0.881493452367874,Desempeño Esperado,Riesgo Moderado,Sierra Centro,Quechua (2000-3500m),Pequeña (≤10 est/doc)
420380,36161 SAN VICENTE DE PAUL,79,-12.9179,-74.4644,3375.0,1.4575396825396825,2.0,2.0,3.0,2,3.100068700763088,0.6666666666666666,1.7714285714285714,0.3,11.0,3,1,-2.0,4.0,2.0,1.0,1.0,2.0,1.0,1.0,1.0,12.0,1809.0,3,Rurales Resilientes,0.22408923632028538,1.0555191471757872,1.3686848451541982,0.08885483738548428,0.5157427689644063,Desempeño Esperado,Riesgo Moderado,Sierra Centro,Quechua (2000-3500m),Mediana (11-20 est/doc)
420406,36163 JAVIER HERAUD PEREZ,79,-12.90297,-74.4938,3127.0,1.3181818181818183,2.0,2.0,3.0,2,3.0979108260032344,1.0,1.7714285714285714,0.3,10.0,3,1,0.6,4.0,2.0,1.0,1.0,2.0,1.0,1.0,1.0,12.0,1809.0,3,Rurales Resilientes,0.22408923632028538,1.1357331954418393,1.4114696295580405,-0.09328781137622211,-0.5414732114254293,Desempeño Esperado,Riesgo Moderado,Sierra Centro,Quechua (2000-3500m),Pequeña (≤10 est/doc)
1060276,CORAS,79,-12.8736,-74.4846,3472.0,1.3790849673202612,0.0,2.0,3.0,2,3.25,0.2777777777777778,1.7714285714285714,0.3,6.333333333333333,4,1,2.0,5.0,2.0,1.0,4.0,0.0,1.0,1.0,1.0,12.0,1809.0,3,Rurales Resilientes,0.22408923632028538,2.9488896498616746,1.3128830390807644,0.06620192823949678,0.38425781629530864,Desempeño Esperado,Riesgo Moderado,Sierra Centro,Quechua (2000-3500m),Pequeña (≤10 est/doc)
420430,36166 HEROES 29 DE AGOSTO,79,-12.8897,-74.3996,3386.0,1.440572977158343,2.0,2.0,3.0,2,3.0933273224149898,1.0,1.7714285714285714,0.3,12.75,3,1,-1.0,4.0,2.0,1.0,1.0,2.0,1.0,1.0,1.0,12.0,1519.0,3,Rurales Resilientes,0.22408923632028538,1.132722264873387,1.40523729362504,0.035335683533303186,0.20509995634399544,Desempeño Esperado,Riesgo Moderado,Sierra Centro,Quechua (2000-3500m),Mediana (11-20 est/doc)
420448,36167,79,-12.84032,-74.41306,3353.0,1.5003,2.0,2.0,3.0,2,3.084334444951763,1.0,1.7714285714285714,0.3,8.0,1,1,-2.25,4.0,2.0,1.0,1.0,1.0,1.0,1.0,1.0,12.0,1519.0,3,Rurales Resilientes,0.22408923632028538,2.235463373607861,1.406730594730994,0.09356940526900592,0.5431076752122157,Desempeño Esperado,Riesgo Moderado,Sierra Centro,Quechua (2000-3500m),Pequeña (≤10 est/doc)
420562,36201 NUESTRA SEÑORA DEL ROSARIO,79,-12.9072,-74.4334,3243.0,1.5003,2.0,2.0,3.0,2,3.0973687474805507,1.0,1.7714285714285714,0.3,8.0,1,2,-0.2,4.0,2.0,1.0,1.0,1.0,0.0,1.0,1.0,12.0,1519.0,3,Rurales Resilientes,0.22408923632028538,2.246600811025362,1.4085680102520854,0.09173198974791452,0.5324427097869268,Desempeño Esperado,Riesgo Moderado,Sierra Centro,Quechua (2000-3500m),Pequeña (≤10 est/doc)
740365,RAMON CASTILLA MARQUEZADO,79,-12.8876,-74.398,3370.0,1.5049088359046285,0.0,2.0,3.0,2,3.092896756265011,0.4444444444444444,1.7714285714285714,0.3,7.333333333333333,4,1,-2.25,5.0,2.0,1.0,1.0,0.0,1.0,1.0,1.0,12.0,1519.0,3,Rurales Resilientes,0.22408923632028538,2.821126501219926,1.3451091477762227,0.15979968812840584,0.9275300710691137,Desempeño Esperado,Riesgo Moderado,Sierra Centro,Quechua (2000-3500m),Pequeña (≤10 est/doc)
686741,177,79,-12.8508,-74.5382,3354.0,1.5003,2.0,3.0,4.0,2,2.133196313090024,0.5,1.7714285714285714,0.3,9.0,3,2,-4.25,2.0,2.0,1.0,1.0,0.0,1.0,1.0,1.0,9.0,2873.0,3,Rurales Resilientes,0.22408923632028538,2.403783575866069,1.42164028621389,0.07865971378611003,0.45656691056668847,Desempeño Esperado,Riesgo Moderado,Sierra Centro,Quechua (2000-3500m),Pequeña (≤10 est/doc)
428771,36173 SANTIAGO ANTUNEZ DE MAYOLO,79,-12.8506,-74.538,3351.0,1.6576576576576576,2.0,3.0,4.0,2,2.133154251941688,0.8333333333333334,1.7714285714285714,0.8,12.333333333333334,4,2,-0.3333333333333333,4.0,2.0,1.0,1.0,3.0,1.0,1.0,1.0,9.0,2873.0,3,Rurales Resilientes,0.22408923632028538,2.24687310448252,1.4580585812255096,0.19959907643214803,1.158538841450533,Resilientes,Bajo Riesgo,Sierra Centro,Quechua (2000-3500m),Mediana (11-20 est/doc)
687194,36465 MICAELA BASTIDAS PUYUCAHUA,79,-12.8618,-74.5052,3568.0,1.5003,2.0,3.0,4.0,2,2.134534996384056,1.0,1.7714285714285714,0.3,9.0,1,2,-0.25,4.0,2.0,1.0,1.0,1.0,0.0,1.0,1.0,9.0,2873.0,4,Emergentes Complejas,0.22408923632028538,2.425201368105726,1.4706252836048381,0.029674716395161838,0.17224183682287972,Desempeño Esperado,Riesgo Moderado,Sierra Centro,Suni (3500-4000m),Pequeña (≤10 est/doc)
579987,JORGE CHAVEZ,79,-12.8506,-74.5385,3354.0,1.3561030235162377,2.0,2.0,4.0,2,2.1331653278492384,0.38095238095238093,1.7714285714285714,0.3,4.842105263157895,4,1,-11.2,5.0,2.0,1.0,4.0,0.0,1.0,1.0,1.0,9.0,2873.0,3,Rurales Resilientes,0.22408923632028538,3.2631651057350592,1.4086642775452938,-0.05256125402905609,-0.3050828462561091,Desempeño Esperado,Riesgo Moderado,Sierra Centro,Quechua (2000-3500m),Pequeña (≤10 est/doc)
1320001,601614,47,-3.906227,-73.4136,104.0,1.888888888888889,2.0,3.0,4.0,2,2.737406653955436,1.0,1.7668711656441718,0.3,9.0,1,0,-0.4,4.0,2.0,1.0,1.0,1.0,1.0,1.0,1.0,14.0,152555.0,2,Elite Institucional,0.22408923632028538,1.1964745368792273,1.5144391016275711,0.37444978726131795,2.1734300101463533,Resilientes,Bajo Riesgo,Selva,Costa (0-500m),Pequeña (≤10 est/doc)
721639,404,47,-3.90885,-73.33874,103.0,1.418,2.0,2.0,4.0,2,2.736241896826374,0.2499999999999999,1.7668711656441718,0.3,6.0,1,0,-0.25,2.0,2.0,1.0,1.0,0.0,0.0,1.0,1.0,14.0,152555.0,4,Emergentes Complejas,0.22408923632028538,1.0964758612835876,1.4327863902294302,-0.01478639022943029,-0.08582508352168426,Desempeño Esperado,Riesgo Moderado,Selva,Costa (0-500m),Pequeña (≤10 est/doc)
721647,405,47,-4.230595,-73.48736,96.0,1.418,2.0,2.0,4.0,2,2.800071684694,0.35,1.7668711656441718,0.3,26.0,4,0,0.0,2.0,2.0,1.0,1.0,0.0,1.0,1.0,1.0,14.0,152555.0,7,Cluster 7,0.22408923632028538,1.6721013257100736,1.4392053312100415,-0.021205331210041534,-0.12308273310577299,Desempeño Esperado,Riesgo Moderado,Selva,Costa (0-500m),Grande (21-30 est/doc)
738203,475,47,-3.94947,-73.36164,121.0,1.418,2.0,2.0,4.0,2,2.744391985889847,0.2499999999999999,1.7668711656441718,0.3,6.5,4,0,-2.0,3.0,2.0,1.0,1.0,0.0,0.0,1.0,1.0,14.0,152555.0,3,Rurales Resilientes,0.22408923632028538,2.222136936592956,1.4317349493745752,-0.013734949374575312,-0.07972217417154234,Desempeño Esperado,Riesgo Moderado,Selva,Costa (0-500m),Pequeña (≤10 est/doc)
1151331,536 MI CASITA DEL SABER,47,-4.012181,-73.43333,139.0,1.418,2.0,2.0,4.0,2,3.875,0.8,1.7668711656441718,0.3,17.666666666666668,4,0,3.5,2.0,2.0,1.0,1.0,0.0,1.0,1.0,1.0,14.0,152555.0,7,Cluster 7,0.22408923632028538,2.014550703744601,1.4086910633169425,0.009308936683057434,0.054032137386124,Desempeño Esperado,Riesgo Moderado,Selva,Costa (0-500m),Mediana (11-20 est/doc)
1151414,538,47,-4.092448,-73.45277,99.0,1.418,2.0,2.0,4.0,2,2.773312552914488,0.35,1.7668711656441718,0.3,17.5,4,0,-5.4,2.0,2.0,1.0,1.0,0.0,0.0,1.0,1.0,14.0,152555.0,7,Cluster 7,0.22408923632028538,1.6953640919848256,1.4410829834452088,-0.02308298344520887,-0.13398124568439837,Desempeño Esperado,Riesgo Moderado,Selva,Costa (0-500m),Mediana (11-20 est/doc)
1152057,604,47,-4.071599,-73.44553,100.0,1.418,2.0,2.0,4.0,2,1.5,0.8,1.7668711656441718,0.3,12.0,3,0,-2.3333333333333335,2.0,2.0,1.0,1.0,0.0,0.0,1.0,1.0,14.0,152555.0,4,Emergentes Complejas,0.22408923632028538,2.777913093500346,1.5830816344460539,-0.16508163444605395,-0.9581882287962767,Desempeño Esperado,Riesgo Moderado,Selva,Costa (0-500m),Mediana (11-20 est/doc)
1152255,656,47,-3.97829,-73.38414,107.0,1.418,2.0,2.0,4.0,2,2.7503129978936425,0.2499999999999999,1.7668711656441718,0.3,6.0,1,0,0.5,2.0,2.0,1.0,1.0,0.0,1.0,1.0,1.0,14.0,152555.0,4,Emergentes Complejas,0.22408923632028538,1.0986823594726447,1.4316576209511227,-0.013657620951122773,-0.07927333450895825,Desempeño Esperado,Riesgo Moderado,Selva,Costa (0-500m),Pequeña (≤10 est/doc)
1152321,678,47,-3.939339,-73.37488,130.0,1.418,2.0,2.0,4.0,2,1.5,0.8,1.7668711656441718,0.3,14.0,1,0,-0.25,2.0,2.0,1.0,1.0,0.0,1.0,1.0,1.0,14.0,152555.0,4,Emergentes Complejas,0.22408923632028538,2.3031010265508267,1.5823209800141063,-0.16432098001410633,-0.9537731397082649,Desempeño Esperado,Riesgo Moderado,Selva,Costa (0-500m),Mediana (11-20 est/doc)
1261577,60133,47,-4.231024,-73.48778,96.0,1.3217155933749176,0.0,2.0,4.0,2,3.375,0.8,1.7668711656441718,0.8,28.571428571428573,4,0,17.0,5.0,2.0,1.0,1.0,0.0,0.0,1.0,1.0,14.0,152555.0,1,Tradicionales Estables,0.22408923632028538,3.229945289732102,1.4462869600099435,-0.12457136663502588,-0.7230532793988844,Desempeño Esperado,Riesgo Moderado,Selva,Costa (0-500m),Grande (21-30 est/doc)
398313,60133,47,-4.231024,-73.48778,96.0,1.418,2.0,2.0,4.0,2,2.8001617064908446,0.8421052631578947,1.7668711656441718,0.3,20.272727272727277,2,0,-7.6,4.0,2.0,1.0,1.0,3.0,1.0,2.0,2.0,14.0,152555.0,7,Cluster 7,0.22408923632028538,2.545039438394186,1.4928468322697606,-0.07484683226976063,-0.43443568925294507,Desempeño Esperado,Riesgo Moderado,Selva,Costa (0-500m),Grande (21-30 est/doc)
398347,60136,47,-3.91543,-73.34032,99.0,1.0666666666666667,0.0,2.0,4.0,2,2.7375149495311275,1.0,1.7668711656441718,0.3,7.0,2,0,1.75,4.0,2.0,1.0,1.0,2.0,1.0,1.0,1.0,14.0,152555.0,8,Cluster 8,0.22408923632028538,2.386544495852485,1.5145579705708045,-0.4478913039041379,-2.599708784210058,Vulnerables,Alto Riesgo,Selva,Costa (0-500m),Pequeña (≤10 est/doc)
398370,60181,47,-4.099999,-73.40438,99.0,2.3333333333333335,2.0,3.0,4.0,2,2.77366137688134,1.0,1.7668711656441718,0.3,8.0,1,0,1.0,4.0,2.0,1.0,1.0,1.0,1.0,1.0,1.0,14.0,152555.0,2,Elite Institucional,0.22408923632028538,3.0196226567782922,1.5119188747023125,0.821414458631021,4.767760313643551,Resilientes,Bajo Riesgo,Selva,Costa (0-500m),Pequeña (≤10 est/doc)
738419,601330,47,-4.020995,-73.42369,114.0,1.418,2.0,2.0,4.0,2,2.7592242156154683,1.0,1.7668711656441718,0.3,2.0,2,0,1.0,4.0,2.0,1.0,1.0,1.0,1.0,1.0,1.0,14.0,152555.0,4,Emergentes Complejas,0.22408923632028538,2.0157115466416724,1.5125926226866446,-0.0945926226866447,-0.5490467664283374,Desempeño Esperado,Riesgo Moderado,Selva,Costa (0-500m),Pequeña (≤10 est/doc)
738427,601331,47,-4.021036,-73.43295,124.0,1.2962023766288293,2.0,2.0,4.0,2,2.7594370557342955,0.4499999999999999,1.7668711656441718,0.8,10.5,1,0,-0.469047619047619,4.0,2.0,1.0,1.0,3.0,0.0,1.0,1.0,14.0,152555.0,4,Emergentes Complejas,0.22408923632028538,1.3640600607613418,1.452363919744281,-0.15616154311545172,-0.9064130780264688,Desempeño Esperado,Riesgo Moderado,Selva,Costa (0-500m),Mediana (11-20 est/doc)
1147735,601331,47,-4.021036,-73.43295,124.0,1.418,2.0,2.0,4.0,2,3.736111111111111,0.7999999999999999,1.7668711656441718,0.3,15.714285714285714,1,0,4.0,5.0,2.0,1.0,1.0,0.0,0.0,2.0,2.0,14.0,152555.0,4,Emergentes Complejas,0.22408923632028538,2.92313038308845,1.4192118420164004,-0.001211842016400455,-0.007033930571213793,Desempeño Esperado,Riesgo Moderado,Selva,Costa (0-500m),Mediana (11-20 est/doc)
1153527,601391,47,-4.00334,-73.46991,116.0,1.8333333333333333,2.0,3.0,4.0,2,2.7569262149356883,1.0,1.7668711656441718,0.3,7.5,2,0,1.0,4.0,2.0,1.0,1.0,2.0,1.0,1.0,1.0,14.0,152555.0,2,Elite Institucional,0.22408923632028538,0.8558905844074421,1.5127096922948782,0.3206236410384551,1.861005312600314,Resilientes,Bajo Riesgo,Selva,Costa (0-500m),Pequeña (≤10 est/doc)
1153881,601444,47,-4.154128,-73.47423,103.0,1.4000000000000001,2.0,2.0,4.0,2,2.785393265057976,1.0,1.7668711656441718,0.3,12.0,2,0,1.0,4.0,2.0,1.0,1.0,2.0,1.0,1.0,1.0,14.0,152555.0,4,Emergentes Complejas,0.22408923632028538,1.4680571824735618,1.5109608942827593,-0.11096089428275913,-0.64405361090117,Desempeño Esperado,Riesgo Moderado,Selva,Costa (0-500m),Mediana (11-20 est/doc)
1153964,601448,47,-3.939261,-73.37511,131.0,1.4341880341880342,3.0,2.0,4.0,2,1.9583333333333333,0.8800000000000001,1.7668711656441718,0.3,15.0,3,0,-1.8,4.0,2.0,1.0,1.0,2.0,1.0,1.0,1.0,14.0,152555.0,2,Elite Institucional,0.22408923632028538,2.504033282463882,1.5575535330424082,-0.12336549885437398,-0.7160540252614842,Desempeño Esperado,Riesgo Moderado,Selva,Costa (0-500m),Mediana (11-20 est/doc)
1154129,601496,47,-4.06489,-73.47512,113.0,1.418,2.0,2.0,4.0,2,2.7686225000733264,0.2499999999999999,1.7668711656441718,0.3,9.0,1,0,-1.5,4.0,2.0,1.0,1.0,1.0,1.0,1.0,1.0,14.0,152555.0,4,Emergentes Complejas,0.22408923632028538,1.2397936020153093,1.4301686904112463,-0.012168690411246352,-0.0706310907997037,Desempeño Esperado,Riesgo Moderado,Selva,Costa (0-500m),Pequeña (≤10 est/doc)
1563212,601511,47,-4.123805,-73.4483,106.0,1.3333333333333333,2.0,2.0,4.0,2,2.7791134769767343,0.2499999999999999,1.7668711656441718,0.3,9.0,1,0,-0.2,2.0,2.0,1.0,1.0,0.0,0.0,1.0,1.0,14.0,152555.0,4,Emergentes Complejas,0.22408923632028538,0.9709181273243006,1.4295802171007832,-0.09624688376744994,-0.5586486431016712,Desempeño Esperado,Riesgo Moderado,Selva,Costa (0-500m),Pequeña (≤10 est/doc)
1154368,601511,47,-4.123805,-73.4483,106.0,1.418,2.0,2.0,4.0,2,2.7791134769767343,1.0,1.7668711656441718,0.3,11.0,1,0,2.6,4.0,2.0,1.0,1.0,2.0,1.0,2.0,2.0,14.0,152555.0,4,Emergentes Complejas,0.22408923632028538,1.353029867646985,1.5113433240213883,-0.09334332402138834,-0.5417954251188307,Desempeño Esperado,Riesgo Moderado,Selva,Costa (0-500m),Mediana (11-20 est/doc)
1154400,601514,47,-3.954216,-73.40653,129.0,1.5466666666666669,3.0,3.0,4.0,2,3.3125,0.8,1.7668711656441718,0.3,9.333333333333334,3,0,0.0,4.0,2.0,1.0,1.0,2.0,1.0,1.0,1.0,14.0,152555.0,2,Elite Institucional,0.22408923632028538,1.864804336525747,1.4500134433023693,0.0966532233642976,0.5610071720797672,Desempeño Esperado,Riesgo Moderado,Selva,Costa (0-500m),Pequeña (≤10 est/doc)
1154608,601528,47,-4.042254,-73.4378,111.0,1.418,2.0,2.0,4.0,2,2.763536742051697,0.2499999999999999,1.7668711656441718,0.3,6.5,4,0,-0.6666666666666666,4.0,2.0,1.0,1.0,2.0,1.0,1.0,1.0,14.0,152555.0,3,Rurales Resilientes,0.22408923632028538,2.139912634583007,1.43059071826053,-0.012590718260530043,-0.0730806795668902,Desempeño Esperado,Riesgo Moderado,Selva,Costa (0-500m),Pequeña (≤10 est/doc)
1148402,6010102,47,-3.948718,-73.36192,133.0,1.7,3.0,3.0,4.0,2,2.744256696645288,1.0,1.7668711656441718,0.3,15.666666666666666,1,0,3.0,4.0,2.0,1.0,1.0,2.0,1.0,1.0,1.0,14.0,152555.0,2,Elite Institucional,0.22408923632028538,1.7314668260071988,1.5132036721593503,0.1867963278406497,1.0842274679426545,Resilientes,Bajo Riesgo,Selva,Costa (0-500m),Mediana (11-20 est/doc)
651398,6010178,47,-3.97832,-73.38423,107.0,2.0,2.0,3.0,4.0,2,2.750320636174799,1.0,1.7668711656441718,0.3,7.0,1,0,0.8,4.0,2.0,1.0,1.0,1.0,1.0,1.0,1.0,14.0,152555.0,2,Elite Institucional,0.22408923632028538,1.6485750444243605,1.5134201701912673,0.4865798298087327,2.824269743008754,Resilientes,Bajo Riesgo,Selva,Costa (0-500m),Pequeña (≤10 est/doc)
1210491,6010230 BARBARA D'ACHILLE,47,-4.071509,-73.44612,106.0,1.2541650354517377,2.0,2.0,4.0,2,2.270833333333333,0.8,1.7668711656441718,0.3,7.714285714285714,3,0,-2.0,5.0,2.0,1.0,1.0,0.0,0.0,1.0,1.0,14.0,152555.0,3,Rurales Resilientes,0.22408923632028538,2.606442615542599,1.526649997826327,-0.2724849623745893,-1.5815925517544367,Vulnerables,Alto Riesgo,Selva,Costa (0-500m),Pequeña (≤10 est/doc)
683466,6010230 BARBARA D'ACHILLE,47,-4.071509,-73.44612,106.0,1.418,2.0,2.0,4.0,2,2.769225488275419,0.8500000000000001,1.7668711656441718,0.3,13.0,1,0,-2.0,4.0,2.0,1.0,1.0,2.0,1.0,2.0,2.0,14.0,152555.0,4,Emergentes Complejas,0.22408923632028538,1.4113406209350423,1.4957126370590708,-0.07771263705907083,-0.4510697650201217,Desempeño Esperado,Riesgo Moderado,Selva,Costa (0-500m),Mediana (11-20 est/doc)
1527233,6010231,47,-4.091835,-73.4532,97.0,1.502283105022831,3.0,3.0,4.0,2,2.7732067398379883,0.35,1.7668711656441718,0.8,18.666666666666668,4,0,3.25,5.0,2.0,1.0,1.0,0.0,0.0,1.0,1.0,14.0,152555.0,1,Tradicionales Estables,0.22408923632028538,2.467455728394329,1.4411414192857257,0.06114168573710521,0.35488650060100796,Desempeño Esperado,Riesgo Moderado,Selva,Costa (0-500m),Mediana (11-20 est/doc)
683474,6010231,47,-4.091835,-73.4532,97.0,1.418,2.0,2.0,4.0,2,2.7732067398379883,1.0,1.7668711656441718,0.3,16.23076923076923,4,0,-1.0,4.0,2.0,1.0,1.0,3.0,1.0,2.0,2.0,14.0,152555.0,7,Cluster 7,0.22408923632028538,1.6486507974292601,1.5120027786169166,-0.09400277861691664,-0.5456231169937092,Desempeño Esperado,Riesgo Moderado,Selva,Costa (0-500m),Mediana (11-20 est/doc)
682211,EL MILAGRO,47,-3.93753,-73.37275,136.0,1.249406604747162,2.0,2.0,4.0,2,2.7423915346722643,0.8,1.7668711656441718,0.3,21.0,4,0,13.666666666666666,5.0,2.0,2.0,2.0,0.0,1.0,1.0,1.0,14.0,152555.0,1,Tradicionales Estables,0.22408923632028538,1.5351597096020804,1.6389404563884267,-0.38953385164126475,-2.260982892571891,Vulnerables,Alto Riesgo,Selva,Costa (0-500m),Grande (21-30 est/doc)
1261775,601563,47,-4.203145,-73.47933,98.0,1.3333333333333333,3.0,2.0,4.0,2,2.794728980334133,1.0,1.7668711656441718,0.3,9.5,1,0,1.5,4.0,2.0,1.0,1.0,2.0,1.0,1.0,1.0,14.0,152555.0,4,Emergentes Complejas,0.22408923632028538,1.6948702091912515,1.5104060577731024,-0.17707272443976918,-1.0277884682230882,Vulnerables,Alto Riesgo,Selva,Costa (0-500m),Pequeña (≤10 est/doc)
571232,58,48,-4.9417,-80.2393,98.0,1.6679,2.0,3.0,4.0,2,3.011184146494671,1.0,2.27710843373494,0.3,16.75,4,0,2.0,2.0,2.0,2.0,1.0,0.0,0.0,1.0,1.0,10.0,124028.0,7,Cluster 7,0.22408923632028538,1.3119602812540023,1.642082562418065,0.025817437581934888,0.14985291896159503,Desempeño Esperado,Riesgo Moderado,Costa Norte,Costa (0-500m),Mediana (11-20 est/doc)
737783,467,48,-4.8548,-80.2225,140.0,1.6679,2.0,3.0,4.0,2,2.994461419781223,1.0,2.27710843373494,0.3,10.0,1,0,-1.0,2.0,2.0,2.0,1.0,0.0,0.0,1.0,1.0,10.0,124028.0,4,Emergentes Complejas,0.22408923632028538,1.5088287975299153,1.6422385934054855,0.025661406594514435,0.14894726367186265,Desempeño Esperado,Riesgo Moderado,Costa Norte,Costa (0-500m),Pequeña (≤10 est/doc)
737791,469,48,-4.8479,-80.217,136.0,1.6679,2.0,3.0,4.0,2,2.9930413227047685,1.0,2.27710843373494,0.3,14.0,3,0,3.0,2.0,2.0,2.0,1.0,0.0,1.0,1.0,1.0,10.0,124028.0,7,Cluster 7,0.22408923632028538,1.5989905327851868,1.6424436970600524,0.025456302939947495,0.1477567744442232,Desempeño Esperado,Riesgo Moderado,Costa Norte,Costa (0-500m),Mediana (11-20 est/doc)
937813,489 JOSE MARIA VELAZ,48,-4.9175,-80.2198,103.0,1.6679,2.0,3.0,4.0,2,3.0061988610769763,0.2499999999999999,2.27710843373494,0.3,17.0,1,0,0.75,2.0,2.0,2.0,1.0,0.0,0.0,1.0,1.0,10.0,124028.0,4,Emergentes Complejas,0.22408923632028538,2.0300717686185674,1.5605566616821502,0.1073433383178497,0.62305612348096,Desempeño Esperado,Riesgo Moderado,Costa Norte,Costa (0-500m),Mediana (11-20 est/doc)
938118,731,48,-4.9632,-80.2756,78.0,1.6679,2.0,3.0,4.0,2,3.0160335668043023,1.0,2.27710843373494,0.3,17.666666666666668,3,0,3.5,2.0,2.0,2.0,1.0,0.0,0.0,1.0,1.0,10.0,124028.0,7,Cluster 7,0.22408923632028538,1.3675122984950832,1.6422356031308123,0.025664396869187645,0.14896462021186996,Desempeño Esperado,Riesgo Moderado,Costa Norte,Costa (0-500m),Mediana (11-20 est/doc)
938142,732 VIRGEN DE MONSERRAT,48,-4.9286,-80.2506,92.0,1.6679,2.0,3.0,4.0,1,1.5,1.0,2.27710843373494,0.3,21.571428571428573,4,0,-0.25,2.0,2.0,2.0,1.0,0.0,0.0,1.0,1.0,10.0,124028.0,5,En Desarrollo,0.22408923632028538,2.4236286081420624,1.7525681378494602,-0.08466813784946026,-0.4914417846278646,Desempeño Esperado,Riesgo Moderado,Costa Norte,Costa (0-500m),Grande (21-30 est/doc)
674895,14045,48,-4.85,-80.1801,173.0,1.5166666666666666,3.0,3.0,4.0,2,2.9926190439733493,0.2499999999999999,2.27710843373494,0.3,11.5,3,0,0.2,4.0,2.0,2.0,1.0,2.0,1.0,1.0,1.0,10.0,124028.0,2,Elite Institucional,0.22408923632028538,1.7886655762950783,1.5597732807716957,-0.04310661410502914,-0.25020499922540035,Desempeño Esperado,Riesgo Moderado,Costa Norte,Costa (0-500m),Mediana (11-20 est/doc)
260307,14141,48,-4.855,-80.2233,144.0,1.3958333333333333,0.0,2.0,4.0,2,2.99451677201862,0.8,2.27710843373494,0.3,12.0,3,0,-1.4,4.0,2.0,2.0,1.0,2.0,0.0,1.0,1.0,10.0,124028.0,8,Cluster 8,0.22408923632028538,1.8913737944527238,1.6203296362996509,-0.22449630296631762,-1.3030505521248792,Vulnerables,Alto Riesgo,Costa Norte,Costa (0-500m),Mediana (11-20 est/doc)
350447,14144 SANTA ROSA,48,-4.9306,-80.2501,90.0,1.5604445909323958,2.0,3.0,4.0,1,1.5,0.8000000000000002,2.27710843373494,0.8,23.473684210526315,4,0,9.595238095238091,4.0,2.0,2.0,1.0,3.0,1.0,2.0,2.0,10.0,124028.0,5,En Desarrollo,0.22408923632028538,1.901125493409765,1.7308153529660955,-0.1703707620336996,-0.9888880689819507,Desempeño Esperado,Riesgo Moderado,Costa Norte,Costa (0-500m),Grande (21-30 est/doc)
916023,14144 SANTA ROSA,48,-4.9306,-80.2501,90.0,1.6679,2.0,3.0,4.0,1,1.5,0.75,2.27710843373494,0.3,18.3,4,0,19.6,5.0,2.0,2.0,1.0,0.0,0.0,1.0,1.0,10.0,124028.0,5,En Desarrollo,0.22408923632028538,3.938712286159516,1.7253644791713885,-0.05746447917138853,-0.333542781428705,Desempeño Esperado,Riesgo Moderado,Costa Norte,Costa (0-500m),Mediana (11-20 est/doc)
260315,14145 SANTA JULIA BILLIART,48,-4.846,-80.2182,139.0,1.492994965131188,3.0,2.0,4.0,2,2.9927104124223893,0.35,2.27710843373494,0.8,23.875,4,0,0.6666666666666666,4.0,2.0,2.0,1.0,3.0,1.0,1.0,1.0,10.0,124028.0,7,Cluster 7,0.22408923632028538,1.9927818958688044,1.5715304324592463,-0.07853546732805827,-0.4558457431638242,Desempeño Esperado,Riesgo Moderado,Costa Norte,Costa (0-500m),Grande (21-30 est/doc)
1715820,14894,48,-4.881,-80.1986,117.0,1.3333333333333333,2.0,2.0,4.0,2,2.998861624276683,1.0,2.27710843373494,0.3,15.0,1,0,2.0,2.0,2.0,2.0,1.0,0.0,0.0,2.0,2.0,10.0,124028.0,4,Emergentes Complejas,0.22408923632028538,1.4807564120781844,1.6425004973698458,-0.30916716403651257,-1.7945081432236498,Vulnerables,Alto Riesgo,Costa Norte,Costa (0-500m),Mediana (11-20 est/doc)
571745,14894,48,-4.881,-80.1986,117.0,1.6679,2.0,3.0,4.0,2,2.998861624276683,0.2499999999999999,2.27710843373494,0.3,10.0,3,0,-1.6666666666666667,4.0,2.0,2.0,1.0,1.0,1.0,1.0,1.0,10.0,124028.0,2,Elite Institucional,0.22408923632028538,1.3314627400089398,1.560737390449241,0.10716260955075896,0.6220071141359028,Desempeño Esperado,Riesgo Moderado,Costa Norte,Costa (0-500m),Pequeña (≤10 est/doc)
350496,14924 DANIEL ALCIDES CARRION,48,-4.952,-80.2495,91.0,1.761384335154827,2.0,3.0,4.0,2,3.013348080452471,0.7999999999999999,2.27710843373494,0.3,21.157894736842103,4,0,9.595238095238091,4.0,2.0,2.0,1.0,3.0,1.0,2.0,2.0,10.0,124028.0,1,Tradicionales Estables,0.22408923632028538,2.0693545077101154,1.620298561748708,0.14108577340611905,0.8189083406036801,Desempeño Esperado,Riesgo Moderado,Costa Norte,Costa (0-500m),Grande (21-30 est/doc)
571356,14924 DANIEL ALCIDES CARRION,48,-4.952,-80.2495,91.0,1.6679,2.0,3.0,4.0,2,3.013348080452471,1.0,2.27710843373494,0.3,22.5,4,0,-12.75,2.0,2.0,2.0,1.0,0.0,0.0,1.0,1.0,10.0,124028.0,7,Cluster 7,0.22408923632028538,3.2240231628876193,1.642102056927536,0.02579794307246397,0.14973976640186984,Desempeño Esperado,Riesgo Moderado,Costa Norte,Costa (0-500m),Grande (21-30 est/doc)
613943,14975,48,-4.962,-80.2751,83.0,1.6230158730158728,3.0,3.0,4.0,2,3.0157967061848563,0.8000000000000002,2.27710843373494,0.3,21.75,3,0,-2.5,4.0,2.0,2.0,1.0,2.0,1.0,1.0,1.0,10.0,124028.0,7,Cluster 7,0.22408923632028538,1.8897142371995048,1.6203226257033891,0.00269324731248366,0.015632495284640367,Desempeño Esperado,Riesgo Moderado,Costa Norte,Costa (0-500m),Grande (21-30 est/doc)
464610,15219,48,-4.898373,-80.15871,154.0,1.825,3.0,3.0,4.0,2,3.001246786538758,0.8,2.27710843373494,0.3,8.0,1,0,0.6,4.0,2.0,2.0,1.0,2.0,0.0,1.0,1.0,10.0,124028.0,2,Elite Institucional,0.22408923632028538,1.261750359331126,1.619584718045118,0.205415281954882,1.192298015733271,Resilientes,Bajo Riesgo,Costa Norte,Costa (0-500m),Pequeña (≤10 est/doc)
464628,15220,48,-4.8343,-80.1667,200.0,2.2333333333333334,2.0,3.0,4.0,2,2.9893681930036973,0.8,2.27710843373494,0.3,7.5,1,0,0.0,4.0,2.0,2.0,1.0,2.0,0.0,1.0,1.0,10.0,124028.0,2,Elite Institucional,0.22408923632028538,2.601979427464934,1.6192856522197923,0.6140476811135411,3.564135174315312,Resilientes,Bajo Riesgo,Costa Norte,Costa (0-500m),Pequeña (≤10 est/doc)
355271,15304,48,-4.9173,-80.2198,101.0,1.6015873015873014,3.0,3.0,4.0,2,3.0061612302916605,0.8000000000000002,2.27710843373494,0.3,14.0,3,0,-2.4,4.0,2.0,2.0,1.0,2.0,1.0,1.0,1.0,10.0,124028.0,2,Elite Institucional,0.22408923632028538,1.7232717186231297,1.6205697311900904,-0.018982429602788953,-0.11018027935318564,Desempeño Esperado,Riesgo Moderado,Costa Norte,Costa (0-500m),Mediana (11-20 est/doc)
552661,15314,48,-4.920441,-80.19533,121.0,1.6679,2.0,3.0,4.0,2,3.006210166859519,0.2499999999999999,2.27710843373494,0.3,13.5,4,0,1.0,4.0,2.0,2.0,1.0,2.0,0.0,1.0,1.0,10.0,124028.0,7,Cluster 7,0.22408923632028538,1.8883735828176733,1.5600994435736584,0.10780055642634156,0.6257099681137653,Desempeño Esperado,Riesgo Moderado,Costa Norte,Costa (0-500m),Mediana (11-20 est/doc)
561084,SAGRADO CORAZON DE JESUS,48,-4.94231,-80.23896,94.0,1.6079276538201486,2.0,3.0,4.0,2,3.01129138877275,0.7999999999999999,2.27710843373494,0.3,22.33333333333333,4,0,1.8,4.0,2.0,2.0,1.0,3.0,1.0,1.0,1.0,10.0,124028.0,7,Cluster 7,0.22408923632028538,1.5964555195548251,1.620372657937315,-0.012445004117166425,-0.07223490664121822,Desempeño Esperado,Riesgo Moderado,Costa Norte,Costa (0-500m),Grande (21-30 est/doc)
355289,15383,48,-4.8894,-80.2122,121.0,1.6904761904761905,2.0,3.0,4.0,2,3.0007433819453264,0.8,2.27710843373494,0.3,4.5,1,0,-3.0,4.0,2.0,2.0,1.0,2.0,1.0,1.0,1.0,10.0,124028.0,2,Elite Institucional,0.22408923632028538,1.7443722973340412,1.6204581921192251,0.07001799835696532,0.40640754530113854,Desempeño Esperado,Riesgo Moderado,Costa Norte,Costa (0-500m),Pequeña (≤10 est/doc)
673780,15478,48,-4.8315,-80.204,155.0,1.8148148148148149,2.0,3.0,4.0,2,2.989667624712551,0.8,2.27710843373494,0.3,10.0,3,0,-0.6666666666666666,4.0,2.0,2.0,1.0,2.0,0.0,1.0,1.0,10.0,124028.0,2,Elite Institucional,0.22408923632028538,1.169183222056664,1.6204047719841563,0.19441004283065855,1.1284199797584993,Resilientes,Bajo Riesgo,Costa Norte,Costa (0-500m),Pequeña (≤10 est/doc)
840595,20104,48,-4.976114,-80.22945,92.0,1.4205146705146705,2.0,2.0,4.0,2,3.0174410803452263,0.8,2.27710843373494,0.3,21.5,3,0,0.3333333333333333,4.0,2.0,2.0,1.0,2.0,1.0,1.0,1.0,10.0,124028.0,7,Cluster 7,0.22408923632028538,1.4900129356715064,1.6199743715597688,-0.19945970104509825,-1.1577298607562092,Vulnerables,Alto Riesgo,Costa Norte,Costa (0-500m),Grande (21-30 est/doc)
840504,20123,48,-4.9443,-80.2609,86.0,1.777777777777778,3.0,3.0,4.0,2,3.012151825909964,0.8,2.27710843373494,0.3,9.0,1,0,-0.5,4.0,2.0,2.0,1.0,2.0,1.0,1.0,1.0,10.0,124028.0,2,Elite Institucional,0.22408923632028538,1.1861576099683242,1.6205126775276473,0.15726510025013063,0.9128184874458811,Desempeño Esperado,Riesgo Moderado,Costa Norte,Costa (0-500m),Pequeña (≤10 est/doc)
626424,15055,48,-4.878228,-80.14346,200.0,1.6679,2.0,3.0,4.0,2,2.997118610507523,0.2499999999999999,2.27710843373494,0.3,7.0,1,0,-1.25,4.0,2.0,1.0,1.0,2.0,0.0,1.0,1.0,5.0,11065.0,2,Elite Institucional,0.22408923632028538,1.4290853931496128,1.4112800057600343,0.2566199942399656,1.4895070464961713,Resilientes,Bajo Riesgo,Costa Norte,Costa (0-500m),Pequeña (≤10 est/doc)
595082,294,72,-8.430011,-74.24303,149.0,1.5533,0.0,3.0,4.0,2,1.800636191197037,0.96,1.7012987012987013,0.3,31.0,3,0,1.8,2.0,2.0,1.0,1.0,0.0,1.0,1.0,1.0,22.0,172052.0,7,Cluster 7,0.22408923632028538,3.6975817848065082,1.5773322040309747,-0.024032204030974835,-0.139490834893786,Desempeño Esperado,Riesgo Moderado,Sierra Centro,Costa (0-500m),Muy Grande (>30 est/doc)
595108,295,72,-8.53039,-74.38295,158.0,1.5533,0.0,3.0,4.0,2,1.8226223761621123,0.2499999999999999,1.7012987012987013,0.3,16.0,1,0,1.0,2.0,2.0,1.0,1.0,0.0,0.0,1.0,1.0,19.0,107364.0,8,Cluster 8,0.22408923632028538,2.0437214914877306,1.4980963609545455,0.055203639045454445,0.3204201200064921,Desempeño Esperado,Riesgo Moderado,Sierra Centro,Costa (0-500m),Mediana (11-20 est/doc)
715011,333-B,72,-8.551025,-74.36524,156.0,1.5533,0.0,1.0,1.0,2,4.0,0.5,1.7012987012987013,0.3,17.25,3,1,9.0,2.0,2.0,1.0,1.0,0.0,1.0,1.0,1.0,19.0,107364.0,9,Cluster 9,0.22408923632028538,3.161355687915398,1.3664283767021277,0.1868716232978722,1.0846645075990315,Resilientes,Bajo Riesgo,Sierra Centro,Costa (0-500m),Mediana (11-20 est/doc)
271379,64028,72,-8.43433,-74.24007,150.0,1.6632882882882882,2.0,3.0,4.0,2,1.8013832586332337,0.8000000000000002,1.7012987012987013,0.3,13.2,3,0,-1.75,4.0,2.0,1.0,1.0,2.0,1.0,1.0,1.0,22.0,172052.0,2,Elite Institucional,0.22408923632028538,1.9007669460887495,1.5598095084123211,0.1034787798759671,0.6006249522550823,Desempeño Esperado,Riesgo Moderado,Sierra Centro,Costa (0-500m),Mediana (11-20 est/doc)
271551,64048,72,-8.525052,-74.39294,156.0,1.5256410256410255,0.0,3.0,4.0,2,1.821839307134893,1.0,1.7012987012987013,0.3,13.0,3,0,1.0,4.0,2.0,1.0,1.0,2.0,0.0,1.0,1.0,19.0,107364.0,8,Cluster 8,0.22408923632028538,1.4939451635816503,1.5799673510196603,-0.0543263253786348,-0.3153279022602314,Desempeño Esperado,Riesgo Moderado,Sierra Centro,Costa (0-500m),Mediana (11-20 est/doc)
275107,64115,72,-8.530322,-74.38258,156.0,1.5761904761904761,3.0,3.0,4.0,2,1.8226013855235177,0.8,1.7012987012987013,0.3,13.666666666666666,3,0,-1.8,4.0,2.0,1.0,1.0,2.0,0.0,1.0,1.0,19.0,107364.0,2,Elite Institucional,0.22408923632028538,2.0886506334711648,1.558108215544562,0.018082260645914117,0.10495540196873064,Desempeño Esperado,Riesgo Moderado,Sierra Centro,Costa (0-500m),Mediana (11-20 est/doc)
530535,64641,72,-8.441395,-74.34148,150.0,1.375,0.0,2.0,4.0,2,1.804958981693933,0.8,1.7012987012987013,0.3,5.0,2,0,0.0,4.0,2.0,1.0,1.0,2.0,1.0,1.0,1.0,22.0,172052.0,8,Cluster 8,0.22408923632028538,1.3168992133143762,1.55954844039957,-0.18454844039957008,-1.0711799881734583,Vulnerables,Alto Riesgo,Sierra Centro,Costa (0-500m),Pequeña (≤10 est/doc)
733535,64871-B,72,-8.36197,-74.53072,146.0,1.5,0.0,1.0,1.0,1,2.41667194043668,0.2727272727272727,1.7012987012987013,0.3,20.4,4,1,11.5,4.0,2.0,1.0,1.0,3.0,1.0,1.0,1.0,22.0,172052.0,9,Cluster 9,0.22408923632028538,3.2768197790819924,1.457505990979769,0.04249400902023104,0.24664923735567607,Desempeño Esperado,Riesgo Moderado,Sierra Centro,Costa (0-500m),Grande (21-30 est/doc)
272773,64508-B,72,-8.550823,-74.36554,152.0,1.1363636363636365,0.0,1.0,1.0,2,4.0,0.2857142857142857,1.7012987012987013,0.3,21.428571428571427,4,1,0.0,4.0,2.0,1.0,1.0,3.0,0.0,1.0,1.0,19.0,107364.0,9,Cluster 9,0.22408923632028538,3.560461163266464,1.3431689096014527,-0.20680527323781628,-1.2003659833779277,Vulnerables,Alto Riesgo,Sierra Centro,Costa (0-500m),Grande (21-30 est/doc)
273359,64545-B,72,-8.49823,-74.26322,150.0,1.1666666666666667,0.0,2.0,3.0,2,2.769801172215309,0.0,1.7012987012987013,0.3,8.0,2,1,-0.6666666666666666,4.0,2.0,1.0,1.0,2.0,1.0,1.0,1.0,11.0,11961.0,8,Cluster 8,0.22408923632028538,2.233428896095062,1.4018901246444138,-0.23522345797774702,-1.3653144962329895,Vulnerables,Alto Riesgo,Sierra Centro,Costa (0-500m),Pequeña (≤10 est/doc)
657122,64798,72,-8.569062,-74.24886,152.0,1.5533,0.0,3.0,4.0,2,1.826928327923865,0.35,1.7012987012987013,0.3,11.666666666666666,3,0,2.5,4.0,2.0,1.0,1.0,2.0,0.0,1.0,1.0,11.0,11961.0,8,Cluster 8,0.22408923632028538,1.5400209723460245,1.508835856506851,0.04446414349314898,0.25808454733083025,Desempeño Esperado,Riesgo Moderado,Sierra Centro,Costa (0-500m),Mediana (11-20 est/doc)
666677,64829,72,-8.41556,-74.26907,151.0,1.8703703703703702,3.0,3.0,4.0,2,1.7984940120692745,0.9,1.7012987012987013,0.3,12.0,3,1,0.0,4.0,2.0,1.0,1.0,2.0,1.0,1.0,1.0,11.0,11961.0,2,Elite Institucional,0.22408923632028538,1.7749151155430767,1.570896848359164,0.29947352201120614,1.7382430492052747,Resilientes,Bajo Riesgo,Sierra Centro,Costa (0-500m),Mediana (11-20 est/doc)
1568799,525-B,72,-8.576993,-74.24135,153.0,1.5533,0.0,2.0,3.0,2,3.125,0.0,1.7012987012987013,0.3,10.5,3,1,0.4,2.0,2.0,1.0,1.0,0.0,0.0,1.0,1.0,11.0,11961.0,8,Cluster 8,0.22408923632028538,2.494156149665192,1.375880548544203,0.17741945145579696,1.0298009861296231,Resilientes,Bajo Riesgo,Sierra Centro,Costa (0-500m),Mediana (11-20 est/doc)
733600,64873-B,72,-8.576993,-74.24135,153.0,1.0444444444444445,0.0,2.0,3.0,2,2.7841362797382154,0.5,1.7012987012987013,0.3,17.25,3,1,8.5,4.0,2.0,1.0,1.0,2.0,1.0,2.0,2.0,11.0,11961.0,1,Tradicionales Estables,0.22408923632028538,3.283793988115956,1.4552761730193937,-0.4108317285749492,-2.384602791567239,Vulnerables,Alto Riesgo,Sierra Centro,Costa (0-500m),Mediana (11-20 est/doc)
807156,64949,72,-8.487032,-74.27674,150.0,1.3333333333333333,0.0,2.0,4.0,2,1.8121116539315816,1.0,1.7012987012987013,0.3,6.5,2,0,-1.5,4.0,2.0,1.0,1.0,2.0,1.0,1.0,1.0,11.0,11961.0,8,Cluster 8,0.22408923632028538,1.2944225252663535,1.5808297100326156,-0.24749637669928237,-1.436550562506561,Vulnerables,Alto Riesgo,Sierra Centro,Costa (0-500m),Pequeña (≤10 est/doc)
1343813,ALMIRANTE MIGUEL GRAU SEMINARIO,44,-13.51765,-71.44883,3529.0,1.2844117647058824,3.0,2.0,5.0,2,3.763185734352749,0.0,2.098159509202454,0.3,10.714285714285714,4,1,-1.2,5.0,2.0,2.0,1.0,0.0,1.0,1.0,1.0,7.0,3156.0,6,Especializadas,0.22408923632028538,1.7051039635306005,1.3911669982131876,-0.1067552335073052,-0.6196425692800196,Desempeño Esperado,Riesgo Moderado,Sierra Sur,Suni (3500-4000m),Mediana (11-20 est/doc)
830885,64996,72,-8.4192,-74.3039,153.0,1.9749999999999999,3.0,3.0,4.0,2,1.7999504400819997,0.8,1.7012987012987013,0.3,9.0,2,0,2.3333333333333335,4.0,2.0,1.0,1.0,2.0,0.0,1.0,1.0,22.0,172052.0,2,Elite Institucional,0.22408923632028538,1.8519078001054594,1.5598380548435509,0.415161945156449,2.4097367961489944,Resilientes,Bajo Riesgo,Sierra Centro,Costa (0-500m),Pequeña (≤10 est/doc)
1374834,846,79,-12.90271,-74.4939,3127.0,1.5003,2.0,2.0,3.0,2,2.4375,0.5,1.7714285714285714,0.3,5.5,3,2,0.5,2.0,2.0,1.0,1.0,0.0,0.0,1.0,1.0,12.0,1809.0,3,Rurales Resilientes,0.22408923632028538,2.3688203561328733,1.405178311980796,0.09512168801920406,0.5521176360355041,Desempeño Esperado,Riesgo Moderado,Sierra Centro,Quechua (2000-3500m),Pequeña (≤10 est/doc)
1433515,65199,72,-8.467393,-74.23505,150.0,1.8373015873015872,0.0,3.0,4.0,2,1.8074929897959189,1.0,1.7012987012987013,0.3,7.0,2,0,-1.5,4.0,2.0,1.0,1.0,2.0,1.0,1.0,1.0,11.0,11961.0,8,Cluster 8,0.22408923632028538,2.2055534405503723,1.581166924477636,0.25613466282395114,1.486690022958389,Resilientes,Bajo Riesgo,Sierra Centro,Costa (0-500m),Pequeña (≤10 est/doc)
1457605,501432,44,-13.6625,-71.28294,4019.0,1.2882288228822882,3.0,2.0,5.0,2,3.7083333333333335,0.25,2.098159509202454,0.8,14.75,3,1,-5.0,4.0,2.0,2.0,1.0,2.0,0.0,1.0,1.0,6.0,18587.0,6,Especializadas,0.22408923632028538,1.1357374274934837,1.4100021871995356,-0.12177336431724739,-0.7068127515289223,Desempeño Esperado,Riesgo Moderado,Sierra Sur,Puna (>4000m),Mediana (11-20 est/doc)
1772672,501432 PAPA FRANCISCO I,44,-13.6625,-71.28294,4019.0,1.476506262359921,2.0,2.0,5.0,2,3.786765066010627,0.14285714285714285,2.098159509202454,0.3,10.142857142857142,4,1,11.6,5.0,2.0,2.0,1.0,0.0,1.0,2.0,2.0,6.0,18587.0,1,Tradicionales Estables,0.22408923632028538,3.1009168008857024,1.392595344457881,0.08391091790204008,0.4870466304202921,Desempeño Esperado,Riesgo Moderado,Sierra Sur,Puna (>4000m),Mediana (11-20 est/doc)
1495167,843,79,-12.8572,-74.4953,3662.0,1.5003,2.0,3.0,4.0,2,2.133450185352289,1.0,1.7714285714285714,0.3,8.0,1,1,-0.3333333333333333,2.0,2.0,1.0,1.0,0.0,0.0,1.0,1.0,9.0,2873.0,4,Emergentes Complejas,0.22408923632028538,2.3440398781357428,1.4683211031282515,0.031978896871748486,0.18561605992829128,Desempeño Esperado,Riesgo Moderado,Sierra Centro,Suni (3500-4000m),Pequeña (≤10 est/doc)
1516269,909,48,-4.845267,-80.22496,143.0,1.6679,2.0,3.0,4.0,2,2.992722241864291,1.0,2.27710843373494,0.3,11.666666666666666,4,0,-6.75,2.0,2.0,2.0,1.0,0.0,0.0,1.0,1.0,10.0,124028.0,7,Cluster 7,0.22408923632028538,2.374212440056048,1.6422895075171628,0.02561049248283709,0.14865174138282938,Desempeño Esperado,Riesgo Moderado,Costa Norte,Costa (0-500m),Mediana (11-20 est/doc)
1516277,910,48,-4.9735,-80.2575,79.0,1.6679,2.0,3.0,4.0,2,3.017570604394737,1.0,2.27710843373494,0.3,20.0,3,0,4.5,2.0,2.0,2.0,1.0,0.0,0.0,1.0,1.0,10.0,124028.0,7,Cluster 7,0.22408923632028538,1.506929833797122,1.6420980269462593,0.025801973053740657,0.14976315774176388,Desempeño Esperado,Riesgo Moderado,Costa Norte,Costa (0-500m),Mediana (11-20 est/doc)
1402866,36789 NUESTRA SEÑORA DEL CARMEN,79,-12.84136,-74.33649,2171.0,1.3809523809523807,0.0,2.0,3.0,2,3.082833960553104,1.0,1.7714285714285714,0.3,8.0,1,2,0.0,4.0,2.0,1.0,1.0,1.0,1.0,1.0,1.0,12.0,1519.0,8,Cluster 8,0.22408923632028538,2.4670533095802187,1.436809931592297,-0.055857550639916376,-0.3242156384758246,Desempeño Esperado,Riesgo Moderado,Sierra Centro,Quechua (2000-3500m),Pequeña (≤10 est/doc)
428920,36207,79,-12.8516,-74.5165,3522.0,1.4911347517730498,2.0,2.0,4.0,2,2.13286614184359,1.0,1.7714285714285714,0.8,14.333333333333334,3,1,1.3333333333333333,4.0,2.0,1.0,1.0,2.0,1.0,1.0,1.0,9.0,2873.0,3,Rurales Resilientes,0.22408923632028538,1.9662028278663806,1.471913465557695,0.019221286215354683,0.11156668187638491,Desempeño Esperado,Riesgo Moderado,Sierra Centro,Suni (3500-4000m),Mediana (11-20 est/doc)
1625904,555-B,72,-8.361982,-74.53038,146.0,1.5533,0.0,1.0,1.0,1,2.4166666666666665,0.0,1.7012987012987013,0.3,22.5,3,1,1.6666666666666667,2.0,2.0,1.0,1.0,0.0,0.0,1.0,1.0,22.0,172052.0,9,Cluster 9,0.22408923632028538,3.1585147867050334,1.4277743371440934,0.1255256628559065,0.7285923292677579,Desempeño Esperado,Riesgo Moderado,Sierra Centro,Costa (0-500m),Grande (21-30 est/doc)
1625938,559,72,-8.467311,-74.23484,151.0,1.5533,0.0,3.0,4.0,2,1.0,0.8,1.7012987012987013,0.3,8.0,1,0,-1.0,2.0,2.0,1.0,1.0,0.0,1.0,1.0,1.0,11.0,11961.0,8,Cluster 8,0.22408923632028538,2.3665155346269446,1.6182941472522863,-0.06499414725228636,-0.37724745727632053,Desempeño Esperado,Riesgo Moderado,Sierra Centro,Costa (0-500m),Pequeña (≤10 est/doc)
1625987,564,72,-8.52503,-74.39321,156.0,1.5533,0.0,3.0,4.0,2,1.5,0.8,1.7012987012987013,0.3,13.0,1,0,0.0,2.0,2.0,1.0,1.0,0.0,1.0,1.0,1.0,19.0,107364.0,8,Cluster 8,0.22408923632028538,1.9503809172215871,1.581661746173085,-0.02836174617308518,-0.16462092480698715,Desempeño Esperado,Riesgo Moderado,Sierra Centro,Costa (0-500m),Mediana (11-20 est/doc)
1626001,566,72,-8.487051,-74.27648,151.0,1.5533,0.0,3.0,4.0,2,1.75,0.8,1.7012987012987013,0.3,9.0,1,0,0.5,2.0,2.0,1.0,1.0,0.0,1.0,1.0,1.0,11.0,11961.0,8,Cluster 8,0.22408923632028538,1.68529016623674,1.5635357092414717,-0.010235709241471769,-0.05941143084432499,Desempeño Esperado,Riesgo Moderado,Sierra Centro,Costa (0-500m),Pequeña (≤10 est/doc)
1741123,501455 CRISTO REY TTIKARIY,44,-13.6879,-71.28658,4112.0,1.2425529472536303,3.0,2.0,5.0,2,3.8125,0.3333333333333333,2.098159509202454,0.3,18.33333333333333,3,1,0.5,4.0,2.0,2.0,1.0,2.0,1.0,1.0,1.0,6.0,18587.0,6,Especializadas,0.22408923632028538,1.67325184346396,1.4091236095057302,-0.16657066225209993,-0.9668310370704452,Desempeño Esperado,Riesgo Moderado,Sierra Sur,Puna (>4000m),Mediana (11-20 est/doc)
1636455,501455 CRISTO REY TTIKARIY,44,-13.6879,-71.28658,4112.0,1.7418,3.0,3.0,5.0,2,3.6875,0.0,2.098159509202454,0.3,12.0,3,1,0.0,2.0,2.0,2.0,1.0,0.0,0.0,2.0,2.0,6.0,18587.0,6,Especializadas,0.22408923632028538,2.5713821957761307,1.381910857209486,0.359889142790514,2.088915229429355,Resilientes,Bajo Riesgo,Sierra Sur,Puna (>4000m),Mediana (11-20 est/doc)
1378355,601678,47,-4.071193,-73.42664,101.0,1.1666666666666667,2.0,2.0,4.0,2,2.7687345142764483,0.2499999999999999,1.7668711656441718,0.3,3.5,1,0,1.0,4.0,2.0,1.0,1.0,2.0,0.0,1.0,1.0,14.0,152555.0,4,Emergentes Complejas,0.22408923632028538,2.1339392443746465,1.4304647738869614,-0.2637981072202946,-1.5311711806429007,Vulnerables,Alto Riesgo,Selva,Costa (0-500m),Pequeña (≤10 est/doc)
1273960,601580,47,-4.153114,-73.46204,117.0,1.1666666666666667,2.0,2.0,4.0,2,2.78493244635034,1.0,1.7668711656441718,0.3,7.5,2,0,-1.2,4.0,2.0,1.0,1.0,2.0,1.0,1.0,1.0,14.0,152555.0,4,Emergentes Complejas,0.22408923632028538,1.97228487191714,1.5106395671646988,-0.3439729004980321,-1.9965321120553352,Vulnerables,Alto Riesgo,Selva,Costa (0-500m),Pequeña (≤10 est/doc)
1263219,601571,47,-4.1562,-73.5042,111.0,1.25,2.0,2.0,4.0,2,2.786447009892432,0.2499999999999999,1.7668711656441718,0.3,11.0,3,0,-1.5,4.0,2.0,1.0,1.0,2.0,1.0,1.0,1.0,14.0,152555.0,3,Rurales Resilientes,0.22408923632028538,2.0006078074615594,1.4289180109520392,-0.17891801095203919,-1.0384991194760078,Vulnerables,Alto Riesgo,Selva,Costa (0-500m),Mediana (11-20 est/doc)
1682285,601571,47,-4.1562,-73.5042,111.0,1.418,2.0,2.0,4.0,2,2.786447009892432,0.2499999999999999,1.7668711656441718,0.3,9.0,1,0,-0.2,2.0,2.0,1.0,1.0,0.0,0.0,2.0,2.0,14.0,152555.0,4,Emergentes Complejas,0.22408923632028538,0.8451252260256146,1.4289180109520392,-0.010918010952039259,-0.06337173490690061,Desempeño Esperado,Riesgo Moderado,Selva,Costa (0-500m),Pequeña (≤10 est/doc)
1527365,808,47,-3.95454,-73.40609,130.0,1.418,2.0,2.0,4.0,2,2.746330574478854,0.2499999999999999,1.7668711656441718,0.3,9.0,1,0,0.6666666666666666,2.0,2.0,1.0,1.0,0.0,0.0,1.0,1.0,14.0,152555.0,4,Emergentes Complejas,0.22408923632028538,0.8598136677250791,1.4313652142675515,-0.01336521426755155,-0.07757610971978365,Desempeño Esperado,Riesgo Moderado,Selva,Costa (0-500m),Pequeña (≤10 est/doc)
1527340,809,47,-4.00346,-73.4695,120.0,1.418,2.0,2.0,4.0,2,2.7569397111626865,0.2499999999999999,1.7668711656441718,0.3,6.0,1,0,0.3333333333333333,2.0,2.0,1.0,1.0,0.0,0.0,1.0,1.0,14.0,152555.0,4,Emergentes Complejas,0.22408923632028538,1.0921589333186477,1.4308441794069342,-0.012844179406934275,-0.07455185161917023,Desempeño Esperado,Riesgo Moderado,Selva,Costa (0-500m),Pequeña (≤10 est/doc)
1527381,810,47,-4.042254,-73.4378,111.0,1.418,2.0,2.0,4.0,2,2.763536742051697,0.2499999999999999,1.7668711656441718,0.3,6.0,1,0,-1.25,2.0,2.0,1.0,1.0,0.0,0.0,1.0,1.0,14.0,152555.0,4,Emergentes Complejas,0.22408923632028538,1.1298376116671551,1.43059071826053,-0.012590718260530043,-0.0730806795668902,Desempeño Esperado,Riesgo Moderado,Selva,Costa (0-500m),Pequeña (≤10 est/doc)
1527373,812,47,-4.154128,-73.47423,103.0,1.418,2.0,2.0,4.0,2,2.785393265057976,0.2499999999999999,1.7668711656441718,0.3,8.0,1,0,1.0,2.0,2.0,1.0,1.0,0.0,1.0,1.0,1.0,14.0,152555.0,4,Emergentes Complejas,0.22408923632028538,0.9268788223427301,1.4291977873621544,-0.011197787362154488,-0.0649956494251137,Desempeño Esperado,Riesgo Moderado,Selva,Costa (0-500m),Pequeña (≤10 est/doc)
1262856,601570,47,-4.049994,-73.42636,103.0,1.3333333333333333,2.0,2.0,4.0,2,2.764739636678664,1.0,1.7668711656441718,0.3,9.0,1,0,0.0,4.0,2.0,1.0,1.0,1.0,1.0,1.0,1.0,14.0,152555.0,4,Emergentes Complejas,0.22408923632028538,1.2804750091247494,1.5124688415218352,-0.179135508188502,-1.0397615451387636,Vulnerables,Alto Riesgo,Selva,Costa (0-500m),Pequeña (≤10 est/doc)
1457365,LOS RIT'IS DEL ALTO ANDINO,44,-13.54842,-71.39277,3758.0,1.4014615747289016,3.0,2.0,5.0,2,3.767733399919021,0.16666666666666666,2.098159509202454,0.3,9.5,3,1,4.5,5.0,2.0,2.0,1.0,0.0,1.0,1.0,1.0,7.0,3156.0,6,Especializadas,0.22408923632028538,1.9718007672098343,1.4031982179476725,-0.0017366432187708725,-0.010080049761012531,Desempeño Esperado,Riesgo Moderado,Sierra Sur,Suni (3500-4000m),Pequeña (≤10 est/doc)
1681212,1341,48,-4.975972,-80.22906,92.0,1.6679,2.0,3.0,4.0,2,3.0174057232797624,1.0,2.27710843373494,0.3,16.333333333333332,3,0,0.25,2.0,2.0,2.0,1.0,0.0,1.0,1.0,1.0,10.0,124028.0,7,Cluster 7,0.22408923632028538,1.1387432295077295,1.6417804482021667,0.026119551797833207,0.15160648946867883,Desempeño Esperado,Riesgo Moderado,Costa Norte,Costa (0-500m),Mediana (11-20 est/doc)
1236397,TECNICO MARIA TERESA DE JESUS GERHARDINGER,48,-4.845849,-80.22507,143.0,1.6679,2.0,3.0,4.0,2,2.9928341841492214,0.4499999999999999,2.27710843373494,0.3,14.421052631578949,4,0,14.0,5.0,2.0,2.0,1.0,0.0,1.0,1.0,1.0,10.0,124028.0,1,Tradicionales Estables,0.22408923632028538,1.7556852598098627,1.582321722729159,0.08557827727084089,0.49672453387526544,Desempeño Esperado,Riesgo Moderado,Costa Norte,Costa (0-500m),Mediana (11-20 est/doc)
1527399,811,47,-3.90632,-73.41372,105.0,1.418,2.0,2.0,4.0,2,3.75,0.8,1.7668711656441718,0.3,7.0,2,0,0.8,2.0,2.0,1.0,1.0,0.0,0.0,1.0,1.0,14.0,152555.0,4,Emergentes Complejas,0.22408923632028538,1.880427014797801,1.418679544674952,-0.0006795446749521261,-0.00394430131895428,Desempeño Esperado,Riesgo Moderado,Selva,Costa (0-500m),Pequeña (≤10 est/doc)
1715416,1416,48,-4.83171,-80.20365,154.0,1.6679,2.0,3.0,4.0,2,2.989699383901847,1.0,2.27710843373494,0.3,12.0,1,0,1.2,2.0,2.0,2.0,1.0,0.0,0.0,1.0,1.0,10.0,124028.0,4,Emergentes Complejas,0.22408923632028538,1.571607408798975,1.6422313035325848,0.025668696467415097,0.1489895764974309,Desempeño Esperado,Riesgo Moderado,Costa Norte,Costa (0-500m),Mediana (11-20 est/doc)
1715424,1417,48,-4.88962,-80.21244,122.0,1.6679,2.0,3.0,4.0,2,3.0007900922447983,1.0,2.27710843373494,0.3,7.0,1,0,-3.0,2.0,2.0,2.0,1.0,0.0,1.0,1.0,1.0,10.0,124028.0,4,Emergentes Complejas,0.22408923632028538,1.7330736691844963,1.6422329217729374,0.02566707822706249,0.14898018369693897,Desempeño Esperado,Riesgo Moderado,Costa Norte,Costa (0-500m),Pequeña (≤10 est/doc)
1715440,1419,48,-4.94572,-80.25832,80.0,1.6679,2.0,3.0,4.0,2,3.0123618528027456,1.0,2.27710843373494,0.3,16.666666666666668,4,0,2.3333333333333335,2.0,2.0,2.0,1.0,0.0,1.0,1.0,1.0,10.0,124028.0,7,Cluster 7,0.22408923632028538,1.353890355870081,1.642452969266746,0.02544703073325394,0.14770295549980492,Desempeño Esperado,Riesgo Moderado,Costa Norte,Costa (0-500m),Mediana (11-20 est/doc)
1745710,1558,48,-4.91999,-80.19511,123.0,1.6679,2.0,3.0,4.0,2,3.006120436039309,1.0,2.27710843373494,0.3,16.0,1,0,-1.3333333333333333,2.0,2.0,2.0,1.0,0.0,0.0,1.0,1.0,10.0,124028.0,4,Emergentes Complejas,0.22408923632028538,1.9257334427837869,1.6418183915582083,0.026081608441791637,0.1513862537214253,Desempeño Esperado,Riesgo Moderado,Costa Norte,Costa (0-500m),Mediana (11-20 est/doc)
1745728,1559,48,-4.913557,-80.24119,105.0,1.6679,2.0,3.0,4.0,2,3.005930797469489,1.0,2.27710843373494,0.3,24.0,1,0,1.0,2.0,2.0,2.0,1.0,0.0,0.0,1.0,1.0,10.0,124028.0,7,Cluster 7,0.22408923632028538,2.4369977446473405,1.642288629966537,0.025611370033463032,0.14865683497596452,Desempeño Esperado,Riesgo Moderado,Costa Norte,Costa (0-500m),Grande (21-30 est/doc)
1785138,36831,79,-12.8222,-74.3815,2237.0,1.5003,2.0,3.0,4.0,2,2.1243439213634905,1.0,1.7714285714285714,0.3,15.0,1,0,1.6666666666666665,4.0,2.0,1.0,1.0,1.0,1.0,1.0,1.0,12.0,1519.0,4,Emergentes Complejas,0.22408923632028538,2.165520607126172,1.5051170483686096,-0.004817048368609633,-0.027959736768009447,Desempeño Esperado,Riesgo Moderado,Sierra Centro,Quechua (2000-3500m),Mediana (11-20 est/doc)
1151695,573,47,-4.15333,-73.46156,108.0,1.418,2.0,2.0,4.0,2,2.784962454727233,0.2499999999999999,1.7668711656441718,0.3,7.0,1,0,-1.3333333333333333,2.0,2.0,1.0,1.0,0.0,0.0,1.0,1.0,14.0,152555.0,4,Emergentes Complejas,0.22408923632028538,1.028834437378414,1.4291024656245503,-0.011102465624550417,-0.06444237063533727,Desempeño Esperado,Riesgo Moderado,Selva,Costa (0-500m),Pequeña (≤10 est/doc)
1678879,693,54,-9.204821,-77.97816,2793.0,1.3411,2.0,2.0,4.0,2,3.875,1.0,2.1578947368421053,0.3,14.0,1,1,-1.3333333333333333,2.0,2.0,1.0,1.0,0.0,1.0,1.0,1.0,8.0,8577.0,4,Emergentes Complejas,0.22408923632028538,2.4472098095198276,1.3632019964161528,-0.022101996416152847,-0.12828727356571015,Desempeño Esperado,Riesgo Moderado,Costa Centro,Quechua (2000-3500m),Mediana (11-20 est/doc)
3040177,87009-01 HUANCHUY,54,-8.8,-77.8,3500.0,1.321,2.0,2.0,4.0,2,3.322,0.558,2.1578947368421058,0.3,12.471,3,0,-0.4354166666666667,3.0,1.0,2.0,1.0,1.0,0.5,1.56,1.56,8.0,8577.0,3,Rurales Resilientes,0.22408923632028538,1.2502698438894773,1.4849455712940811,-0.16394557129408116,-0.9515941437362258,Desempeño Esperado,Riesgo Moderado,Costa Centro,Suni (3500-4000m),Mediana (11-20 est/doc)
1678861,692 - CAJAY,54,-8.8,-77.8,3500.0,1.321,2.0,2.0,4.0,2,3.322,0.558,2.1578947368421058,0.3,12.471,3,0,-0.4354166666666667,1.0,1.0,2.0,1.0,1.0,0.5,1.56,1.56,8.0,8577.0,3,Rurales Resilientes,0.22408923632028538,2.776705726569157,1.4849455712940811,-0.16394557129408116,-0.9515941437362258,Desempeño Esperado,Riesgo Moderado,Costa Centro,Suni (3500-4000m),Mediana (11-20 est/doc)
